[
{
  "model": "plates.post",
  "pk": 1,
  "fields": {
    "user": 13,
    "title": "음식점 1번째",
    "description": "요 음식점...",
    "address": "서울시 강남구 역삼동 1번지",
    "address_city": "서울시 강남구",
    "restaurant_type": "일식",
    "loc": "1.123456, 1.654321",
    "created_at": "2023-05-03T17:01:18.608Z",
    "updated_at": "2023-05-03T17:01:18.608Z",
    "parking": true,
    "price_range": 3,
    "phone_number": "02-123-4567",
    "closed_days": "매주 일요일",
    "like_users": []
  }
},
{
  "model": "plates.post",
  "pk": 2,
  "fields": {
    "user": 21,
    "title": "음식점 2번째",
    "description": "요 음식점...",
    "address": "서울시 강남구 역삼동 2번지",
    "address_city": "서울시 강남구",
    "restaurant_type": "한식",
    "loc": "2.123456, 2.654321",
    "created_at": "2023-05-03T17:01:18.622Z",
    "updated_at": "2023-05-03T17:01:18.622Z",
    "parking": false,
    "price_range": 2,
    "phone_number": "02-123-4567",
    "closed_days": "매주 일요일",
    "like_users": []
  }
},
{
  "model": "plates.post",
  "pk": 3,
  "fields": {
    "user": 6,
    "title": "음식점 3번째",
    "description": "요 음식점...",
    "address": "서울시 강남구 역삼동 3번지",
    "address_city": "서울시 강남구",
    "restaurant_type": "일식",
    "loc": "3.123456, 3.654321",
    "created_at": "2023-05-03T17:01:18.631Z",
    "updated_at": "2023-05-03T17:01:18.631Z",
    "parking": true,
    "price_range": 4,
    "phone_number": "02-123-4567",
    "closed_days": "매주 일요일",
    "like_users": []
  }
},
{
  "model": "plates.post",
  "pk": 4,
  "fields": {
    "user": 10,
    "title": "음식점 4번째",
    "description": "요 음식점...",
    "address": "서울시 강남구 역삼동 4번지",
    "address_city": "서울시 강남구",
    "restaurant_type": "중식",
    "loc": "4.123456, 4.654321",
    "created_at": "2023-05-03T17:01:18.639Z",
    "updated_at": "2023-05-03T17:01:18.639Z",
    "parking": true,
    "price_range": 1,
    "phone_number": "02-123-4567",
    "closed_days": "매주 일요일",
    "like_users": []
  }
},
{
  "model": "plates.post",
  "pk": 5,
  "fields": {
    "user": 27,
    "title": "음식점 5번째",
    "description": "요 음식점...",
    "address": "서울시 강남구 역삼동 5번지",
    "address_city": "서울시 강남구",
    "restaurant_type": "일식",
    "loc": "5.123456, 5.654321",
    "created_at": "2023-05-03T17:01:18.649Z",
    "updated_at": "2023-05-03T17:01:18.649Z",
    "parking": true,
    "price_range": 1,
    "phone_number": "02-123-4567",
    "closed_days": "매주 일요일",
    "like_users": []
  }
},
{
  "model": "plates.post",
  "pk": 6,
  "fields": {
    "user": 9,
    "title": "음식점 6번째",
    "description": "요 음식점...",
    "address": "서울시 강남구 역삼동 6번지",
    "address_city": "서울시 강남구",
    "restaurant_type": "한식",
    "loc": "6.123456, 6.654321",
    "created_at": "2023-05-03T17:01:18.658Z",
    "updated_at": "2023-05-03T17:01:18.658Z",
    "parking": false,
    "price_range": 1,
    "phone_number": "02-123-4567",
    "closed_days": "매주 일요일",
    "like_users": []
  }
},
{
  "model": "plates.post",
  "pk": 7,
  "fields": {
    "user": 8,
    "title": "음식점 7번째",
    "description": "요 음식점...",
    "address": "서울시 강남구 역삼동 7번지",
    "address_city": "서울시 강남구",
    "restaurant_type": "한식",
    "loc": "7.123456, 7.654321",
    "created_at": "2023-05-03T17:01:18.665Z",
    "updated_at": "2023-05-03T17:01:18.665Z",
    "parking": true,
    "price_range": 2,
    "phone_number": "02-123-4567",
    "closed_days": "매주 일요일",
    "like_users": []
  }
},
{
  "model": "plates.post",
  "pk": 8,
  "fields": {
    "user": 4,
    "title": "음식점 8번째",
    "description": "요 음식점...",
    "address": "서울시 강남구 역삼동 8번지",
    "address_city": "서울시 강남구",
    "restaurant_type": "한식",
    "loc": "8.123456, 8.654321",
    "created_at": "2023-05-03T17:01:18.675Z",
    "updated_at": "2023-05-03T17:01:18.675Z",
    "parking": false,
    "price_range": 3,
    "phone_number": "02-123-4567",
    "closed_days": "매주 일요일",
    "like_users": []
  }
},
{
  "model": "plates.post",
  "pk": 9,
  "fields": {
    "user": 7,
    "title": "음식점 9번째",
    "description": "요 음식점...",
    "address": "서울시 강남구 역삼동 9번지",
    "address_city": "서울시 강남구",
    "restaurant_type": "한식",
    "loc": "9.123456, 9.654321",
    "created_at": "2023-05-03T17:01:18.683Z",
    "updated_at": "2023-05-03T17:01:18.683Z",
    "parking": false,
    "price_range": 2,
    "phone_number": "02-123-4567",
    "closed_days": "매주 일요일",
    "like_users": []
  }
},
{
  "model": "plates.post",
  "pk": 10,
  "fields": {
    "user": 1,
    "title": "음식점 10번째",
    "description": "요 음식점...",
    "address": "서울시 강남구 역삼동 10번지",
    "address_city": "서울시 강남구",
    "restaurant_type": "일식",
    "loc": "10.123456, 10.654321",
    "created_at": "2023-05-03T17:01:18.692Z",
    "updated_at": "2023-05-03T17:01:18.692Z",
    "parking": false,
    "price_range": 1,
    "phone_number": "02-123-4567",
    "closed_days": "매주 일요일",
    "like_users": []
  }
},
{
  "model": "plates.post",
  "pk": 11,
  "fields": {
    "user": 6,
    "title": "음식점 11번째",
    "description": "요 음식점...",
    "address": "서울시 강남구 역삼동 11번지",
    "address_city": "서울시 강남구",
    "restaurant_type": "중식",
    "loc": "11.123456, 11.654321",
    "created_at": "2023-05-03T17:01:18.700Z",
    "updated_at": "2023-05-03T17:01:18.700Z",
    "parking": true,
    "price_range": 1,
    "phone_number": "02-123-4567",
    "closed_days": "매주 일요일",
    "like_users": []
  }
},
{
  "model": "plates.post",
  "pk": 12,
  "fields": {
    "user": 3,
    "title": "음식점 12번째",
    "description": "요 음식점...",
    "address": "서울시 강남구 역삼동 12번지",
    "address_city": "서울시 강남구",
    "restaurant_type": "양식",
    "loc": "12.123456, 12.654321",
    "created_at": "2023-05-03T17:01:18.708Z",
    "updated_at": "2023-05-03T17:01:18.709Z",
    "parking": true,
    "price_range": 2,
    "phone_number": "02-123-4567",
    "closed_days": "매주 일요일",
    "like_users": []
  }
},
{
  "model": "plates.post",
  "pk": 13,
  "fields": {
    "user": 16,
    "title": "음식점 13번째",
    "description": "요 음식점...",
    "address": "서울시 강남구 역삼동 13번지",
    "address_city": "서울시 강남구",
    "restaurant_type": "중식",
    "loc": "13.123456, 13.654321",
    "created_at": "2023-05-03T17:01:18.716Z",
    "updated_at": "2023-05-03T17:01:18.716Z",
    "parking": false,
    "price_range": 3,
    "phone_number": "02-123-4567",
    "closed_days": "매주 일요일",
    "like_users": []
  }
},
{
  "model": "plates.post",
  "pk": 14,
  "fields": {
    "user": 3,
    "title": "음식점 14번째",
    "description": "요 음식점...",
    "address": "서울시 강남구 역삼동 14번지",
    "address_city": "서울시 강남구",
    "restaurant_type": "한식",
    "loc": "14.123456, 14.654321",
    "created_at": "2023-05-03T17:01:18.724Z",
    "updated_at": "2023-05-03T17:01:18.724Z",
    "parking": true,
    "price_range": 3,
    "phone_number": "02-123-4567",
    "closed_days": "매주 일요일",
    "like_users": []
  }
},
{
  "model": "plates.post",
  "pk": 15,
  "fields": {
    "user": 3,
    "title": "음식점 15번째",
    "description": "요 음식점...",
    "address": "서울시 강남구 역삼동 15번지",
    "address_city": "서울시 강남구",
    "restaurant_type": "양식",
    "loc": "15.123456, 15.654321",
    "created_at": "2023-05-03T17:01:18.733Z",
    "updated_at": "2023-05-03T17:01:18.733Z",
    "parking": false,
    "price_range": 1,
    "phone_number": "02-123-4567",
    "closed_days": "매주 일요일",
    "like_users": []
  }
},
{
  "model": "plates.post",
  "pk": 16,
  "fields": {
    "user": 14,
    "title": "음식점 16번째",
    "description": "요 음식점...",
    "address": "서울시 강남구 역삼동 16번지",
    "address_city": "서울시 강남구",
    "restaurant_type": "양식",
    "loc": "16.123456, 16.654321",
    "created_at": "2023-05-03T17:01:18.742Z",
    "updated_at": "2023-05-03T17:01:18.742Z",
    "parking": true,
    "price_range": 4,
    "phone_number": "02-123-4567",
    "closed_days": "매주 일요일",
    "like_users": []
  }
},
{
  "model": "plates.post",
  "pk": 17,
  "fields": {
    "user": 6,
    "title": "음식점 17번째",
    "description": "요 음식점...",
    "address": "서울시 강남구 역삼동 17번지",
    "address_city": "서울시 강남구",
    "restaurant_type": "한식",
    "loc": "17.123456, 17.654321",
    "created_at": "2023-05-03T17:01:18.751Z",
    "updated_at": "2023-05-03T17:01:18.751Z",
    "parking": false,
    "price_range": 2,
    "phone_number": "02-123-4567",
    "closed_days": "매주 일요일",
    "like_users": []
  }
},
{
  "model": "plates.post",
  "pk": 18,
  "fields": {
    "user": 29,
    "title": "음식점 18번째",
    "description": "요 음식점...",
    "address": "서울시 강남구 역삼동 18번지",
    "address_city": "서울시 강남구",
    "restaurant_type": "양식",
    "loc": "18.123456, 18.654321",
    "created_at": "2023-05-03T17:01:18.761Z",
    "updated_at": "2023-05-03T17:01:18.761Z",
    "parking": true,
    "price_range": 1,
    "phone_number": "02-123-4567",
    "closed_days": "매주 일요일",
    "like_users": []
  }
},
{
  "model": "plates.post",
  "pk": 19,
  "fields": {
    "user": 16,
    "title": "음식점 19번째",
    "description": "요 음식점...",
    "address": "서울시 강남구 역삼동 19번지",
    "address_city": "서울시 강남구",
    "restaurant_type": "한식",
    "loc": "19.123456, 19.654321",
    "created_at": "2023-05-03T17:01:18.768Z",
    "updated_at": "2023-05-03T17:01:18.768Z",
    "parking": true,
    "price_range": 4,
    "phone_number": "02-123-4567",
    "closed_days": "매주 일요일",
    "like_users": []
  }
},
{
  "model": "plates.post",
  "pk": 20,
  "fields": {
    "user": 10,
    "title": "음식점 20번째",
    "description": "요 음식점...",
    "address": "서울시 강남구 역삼동 20번지",
    "address_city": "서울시 강남구",
    "restaurant_type": "한식",
    "loc": "20.123456, 20.654321",
    "created_at": "2023-05-03T17:01:18.777Z",
    "updated_at": "2023-05-03T17:01:18.778Z",
    "parking": true,
    "price_range": 3,
    "phone_number": "02-123-4567",
    "closed_days": "매주 일요일",
    "like_users": []
  }
},
{
  "model": "plates.postimage",
  "pk": 1,
  "fields": {
    "post": 20,
    "image": "posts/images/random_19.jpg"
  }
},
{
  "model": "plates.review",
  "pk": 1,
  "fields": {
    "user": 21,
    "post": 20,
    "content": "음식점 20번째에서 맛있게 먹었습니다!",
    "created_at": "2023-05-03T17:01:20.364Z",
    "updated_at": "2023-05-03T17:01:20.364Z",
    "taste_evaluation": 3
  }
},
{
  "model": "plates.review",
  "pk": 2,
  "fields": {
    "user": 8,
    "post": 20,
    "content": "음식점 20번째에서 맛있게 먹었습니다!",
    "created_at": "2023-05-03T17:01:20.378Z",
    "updated_at": "2023-05-03T17:01:20.378Z",
    "taste_evaluation": 3
  }
},
{
  "model": "plates.review",
  "pk": 3,
  "fields": {
    "user": 14,
    "post": 20,
    "content": "음식점 20번째에서 맛있게 먹었습니다!",
    "created_at": "2023-05-03T17:01:20.386Z",
    "updated_at": "2023-05-03T17:01:20.387Z",
    "taste_evaluation": 5
  }
},
{
  "model": "plates.reviewimage",
  "pk": 1,
  "fields": {
    "review": 3,
    "image": "posts/images/review_19_2.jpg"
  }
},
{
  "model": "accounts.user",
  "pk": 1,
  "fields": {
    "password": "pbkdf2_sha256$260000$rfTRKcfPStJyFJTIfvmqP6$eGNC82q/XryblxTHT1KmGWjTCG0sVXtwyQ7ahewY+XI=",
    "last_login": null,
    "is_superuser": false,
    "username": "user1",
    "first_name": "",
    "last_name": "",
    "is_staff": false,
    "is_active": true,
    "date_joined": "2023-05-03T17:01:16.061Z",
    "nickname": null,
    "email": "",
    "profile_image_url": null,
    "picture": "",
    "address": "",
    "company_address": "",
    "groups": [],
    "user_permissions": [],
    "followers": []
  }
},
{
  "model": "accounts.user",
  "pk": 2,
  "fields": {
    "password": "pbkdf2_sha256$260000$U7cM86w753gQESYXNuGRAb$hEv5O5rC9M+12A4sEf0Cc5I3ctoxmq0MYWhbPyAorig=",
    "last_login": null,
    "is_superuser": false,
    "username": "user2",
    "first_name": "",
    "last_name": "",
    "is_staff": false,
    "is_active": true,
    "date_joined": "2023-05-03T17:01:16.148Z",
    "nickname": null,
    "email": "",
    "profile_image_url": null,
    "picture": "",
    "address": "",
    "company_address": "",
    "groups": [],
    "user_permissions": [],
    "followers": []
  }
},
{
  "model": "accounts.user",
  "pk": 3,
  "fields": {
    "password": "pbkdf2_sha256$260000$unqd2iW7sW9lNMigKT7aj6$nASqLKIPQ0dRACkPN/vWLSvyJW3e6piLgC8kp1KF4xw=",
    "last_login": null,
    "is_superuser": false,
    "username": "user3",
    "first_name": "",
    "last_name": "",
    "is_staff": false,
    "is_active": true,
    "date_joined": "2023-05-03T17:01:16.232Z",
    "nickname": null,
    "email": "",
    "profile_image_url": null,
    "picture": "",
    "address": "",
    "company_address": "",
    "groups": [],
    "user_permissions": [],
    "followers": []
  }
},
{
  "model": "accounts.user",
  "pk": 4,
  "fields": {
    "password": "pbkdf2_sha256$260000$ASZkQcxmNc5exN7Eatq9OW$hKFmsgKLVEcLt1Le6i6asadxOiOInxpSLCs+l5Yhesw=",
    "last_login": null,
    "is_superuser": false,
    "username": "user4",
    "first_name": "",
    "last_name": "",
    "is_staff": false,
    "is_active": true,
    "date_joined": "2023-05-03T17:01:16.314Z",
    "nickname": null,
    "email": "",
    "profile_image_url": null,
    "picture": "",
    "address": "",
    "company_address": "",
    "groups": [],
    "user_permissions": [],
    "followers": []
  }
},
{
  "model": "accounts.user",
  "pk": 5,
  "fields": {
    "password": "pbkdf2_sha256$260000$apLc7iuozk5bgFaZ3Vu9Is$7DT8ilFoa4o5saYiobIkK2ypeLafYV01NtmYnvKtrb0=",
    "last_login": null,
    "is_superuser": false,
    "username": "user5",
    "first_name": "",
    "last_name": "",
    "is_staff": false,
    "is_active": true,
    "date_joined": "2023-05-03T17:01:16.397Z",
    "nickname": null,
    "email": "",
    "profile_image_url": null,
    "picture": "",
    "address": "",
    "company_address": "",
    "groups": [],
    "user_permissions": [],
    "followers": []
  }
},
{
  "model": "accounts.user",
  "pk": 6,
  "fields": {
    "password": "pbkdf2_sha256$260000$CCSnriLdc2LKYOE4UQdp2f$QyMkRym3zEZBmOgnlJIuGIb4u6vdLxxKIn2qC8Bv9Io=",
    "last_login": null,
    "is_superuser": false,
    "username": "user6",
    "first_name": "",
    "last_name": "",
    "is_staff": false,
    "is_active": true,
    "date_joined": "2023-05-03T17:01:16.482Z",
    "nickname": null,
    "email": "",
    "profile_image_url": null,
    "picture": "",
    "address": "",
    "company_address": "",
    "groups": [],
    "user_permissions": [],
    "followers": []
  }
},
{
  "model": "accounts.user",
  "pk": 7,
  "fields": {
    "password": "pbkdf2_sha256$260000$Bu6ABcmPeswH5nE6SuEWyg$EQc3Ejf1PTj7BZsspF1dHD0OQeUXnb1/mjhsWldDeV4=",
    "last_login": null,
    "is_superuser": false,
    "username": "user7",
    "first_name": "",
    "last_name": "",
    "is_staff": false,
    "is_active": true,
    "date_joined": "2023-05-03T17:01:16.580Z",
    "nickname": null,
    "email": "",
    "profile_image_url": null,
    "picture": "",
    "address": "",
    "company_address": "",
    "groups": [],
    "user_permissions": [],
    "followers": []
  }
},
{
  "model": "accounts.user",
  "pk": 8,
  "fields": {
    "password": "pbkdf2_sha256$260000$A74oICfw4EJZ5hLzvCYOl4$JvLcEFvFsqjzaaCZaj2jM7IDWKI4iLmeQExOaDINuCc=",
    "last_login": null,
    "is_superuser": false,
    "username": "user8",
    "first_name": "",
    "last_name": "",
    "is_staff": false,
    "is_active": true,
    "date_joined": "2023-05-03T17:01:16.664Z",
    "nickname": null,
    "email": "",
    "profile_image_url": null,
    "picture": "",
    "address": "",
    "company_address": "",
    "groups": [],
    "user_permissions": [],
    "followers": []
  }
},
{
  "model": "accounts.user",
  "pk": 9,
  "fields": {
    "password": "pbkdf2_sha256$260000$oylpsgRNRug2jvVGAGTzoI$HitlzvFbYZxCLEJ/3PeVmkQzrajEhdBahNTmICU+icI=",
    "last_login": null,
    "is_superuser": false,
    "username": "user9",
    "first_name": "",
    "last_name": "",
    "is_staff": false,
    "is_active": true,
    "date_joined": "2023-05-03T17:01:16.746Z",
    "nickname": null,
    "email": "",
    "profile_image_url": null,
    "picture": "",
    "address": "",
    "company_address": "",
    "groups": [],
    "user_permissions": [],
    "followers": []
  }
},
{
  "model": "accounts.user",
  "pk": 10,
  "fields": {
    "password": "pbkdf2_sha256$260000$UwxgZQtntIWQRijAa9wZ8p$7k1fQUifj+JOmoL86sXOZBqpi23DKU/S1sMhDHMOS2c=",
    "last_login": null,
    "is_superuser": false,
    "username": "user10",
    "first_name": "",
    "last_name": "",
    "is_staff": false,
    "is_active": true,
    "date_joined": "2023-05-03T17:01:16.828Z",
    "nickname": null,
    "email": "",
    "profile_image_url": null,
    "picture": "",
    "address": "",
    "company_address": "",
    "groups": [],
    "user_permissions": [],
    "followers": []
  }
},
{
  "model": "accounts.user",
  "pk": 11,
  "fields": {
    "password": "pbkdf2_sha256$260000$puTrt9yIiGOohwxbfn5o95$bzpt3KhUMJeayvi2tILAALHYJqhfQ35cCWy19XARHk8=",
    "last_login": null,
    "is_superuser": false,
    "username": "user11",
    "first_name": "",
    "last_name": "",
    "is_staff": false,
    "is_active": true,
    "date_joined": "2023-05-03T17:01:16.911Z",
    "nickname": null,
    "email": "",
    "profile_image_url": null,
    "picture": "",
    "address": "",
    "company_address": "",
    "groups": [],
    "user_permissions": [],
    "followers": []
  }
},
{
  "model": "accounts.user",
  "pk": 12,
  "fields": {
    "password": "pbkdf2_sha256$260000$NRYJGWmpcV9afzZHOkrpuo$Q3ktZy+ucIb508hLX/dAbh8F/s/hCh98kfQpG77INW8=",
    "last_login": null,
    "is_superuser": false,
    "username": "user12",
    "first_name": "",
    "last_name": "",
    "is_staff": false,
    "is_active": true,
    "date_joined": "2023-05-03T17:01:16.993Z",
    "nickname": null,
    "email": "",
    "profile_image_url": null,
    "picture": "",
    "address": "",
    "company_address": "",
    "groups": [],
    "user_permissions": [],
    "followers": []
  }
},
{
  "model": "accounts.user",
  "pk": 13,
  "fields": {
    "password": "pbkdf2_sha256$260000$FeUu8RBiOYoe22MEtPG0rw$U3mHbxylX9SbXH7we+2BajIU3fEgDIKooUGiyiLBW2I=",
    "last_login": null,
    "is_superuser": false,
    "username": "user13",
    "first_name": "",
    "last_name": "",
    "is_staff": false,
    "is_active": true,
    "date_joined": "2023-05-03T17:01:17.075Z",
    "nickname": null,
    "email": "",
    "profile_image_url": null,
    "picture": "",
    "address": "",
    "company_address": "",
    "groups": [],
    "user_permissions": [],
    "followers": []
  }
},
{
  "model": "accounts.user",
  "pk": 14,
  "fields": {
    "password": "pbkdf2_sha256$260000$hTtIksXPoYYWyMfeUUgz8S$1SSbXHJEMeMlIjK8li2c6DWPbAvmWIFQEigxguwT9Gc=",
    "last_login": null,
    "is_superuser": false,
    "username": "user14",
    "first_name": "",
    "last_name": "",
    "is_staff": false,
    "is_active": true,
    "date_joined": "2023-05-03T17:01:17.168Z",
    "nickname": null,
    "email": "",
    "profile_image_url": null,
    "picture": "",
    "address": "",
    "company_address": "",
    "groups": [],
    "user_permissions": [],
    "followers": []
  }
},
{
  "model": "accounts.user",
  "pk": 15,
  "fields": {
    "password": "pbkdf2_sha256$260000$kNp20IbRpVbSymhr38cNLp$o6Y2TMfQJK8K18lsP89ae8gtBQiq7yX7YmwehRbuS0w=",
    "last_login": null,
    "is_superuser": false,
    "username": "user15",
    "first_name": "",
    "last_name": "",
    "is_staff": false,
    "is_active": true,
    "date_joined": "2023-05-03T17:01:17.252Z",
    "nickname": null,
    "email": "",
    "profile_image_url": null,
    "picture": "",
    "address": "",
    "company_address": "",
    "groups": [],
    "user_permissions": [],
    "followers": []
  }
},
{
  "model": "accounts.user",
  "pk": 16,
  "fields": {
    "password": "pbkdf2_sha256$260000$0Ivz2w8lk4QkxHuszqIqrJ$aAWn89vOWI77Zpt8Qq4lBXbx1H2LGwmtbU1X6rWu52U=",
    "last_login": null,
    "is_superuser": false,
    "username": "user16",
    "first_name": "",
    "last_name": "",
    "is_staff": false,
    "is_active": true,
    "date_joined": "2023-05-03T17:01:17.334Z",
    "nickname": null,
    "email": "",
    "profile_image_url": null,
    "picture": "",
    "address": "",
    "company_address": "",
    "groups": [],
    "user_permissions": [],
    "followers": []
  }
},
{
  "model": "accounts.user",
  "pk": 17,
  "fields": {
    "password": "pbkdf2_sha256$260000$qKU4J8YNHTQlExb4NAUeoA$rTDN6+XXJIDnMebfATUBvcpL9Dj6ff3UXLlXUiDnWyw=",
    "last_login": null,
    "is_superuser": false,
    "username": "user17",
    "first_name": "",
    "last_name": "",
    "is_staff": false,
    "is_active": true,
    "date_joined": "2023-05-03T17:01:17.416Z",
    "nickname": null,
    "email": "",
    "profile_image_url": null,
    "picture": "",
    "address": "",
    "company_address": "",
    "groups": [],
    "user_permissions": [],
    "followers": []
  }
},
{
  "model": "accounts.user",
  "pk": 18,
  "fields": {
    "password": "pbkdf2_sha256$260000$5gu4141nYIx2Uw3o97LPlz$p80XyMKLNRjg+EcNdAhQouxl6EIWFa2uPQA3EU5SNOI=",
    "last_login": null,
    "is_superuser": false,
    "username": "user18",
    "first_name": "",
    "last_name": "",
    "is_staff": false,
    "is_active": true,
    "date_joined": "2023-05-03T17:01:17.497Z",
    "nickname": null,
    "email": "",
    "profile_image_url": null,
    "picture": "",
    "address": "",
    "company_address": "",
    "groups": [],
    "user_permissions": [],
    "followers": []
  }
},
{
  "model": "accounts.user",
  "pk": 19,
  "fields": {
    "password": "pbkdf2_sha256$260000$OBd9lpHPz3ECoXdac9vbEb$ds6yF4SgTbd8/UStwwDLncK4T95seymJmM+SpRLbLhg=",
    "last_login": null,
    "is_superuser": false,
    "username": "user19",
    "first_name": "",
    "last_name": "",
    "is_staff": false,
    "is_active": true,
    "date_joined": "2023-05-03T17:01:17.582Z",
    "nickname": null,
    "email": "",
    "profile_image_url": null,
    "picture": "",
    "address": "",
    "company_address": "",
    "groups": [],
    "user_permissions": [],
    "followers": []
  }
},
{
  "model": "accounts.user",
  "pk": 20,
  "fields": {
    "password": "pbkdf2_sha256$260000$RicXus5MWuwgNXMBNrpsip$kjlCQI5jWDGZGf1Vy/HzQCcdyDLOmWc4oB06h7rMZPo=",
    "last_login": null,
    "is_superuser": false,
    "username": "user20",
    "first_name": "",
    "last_name": "",
    "is_staff": false,
    "is_active": true,
    "date_joined": "2023-05-03T17:01:17.664Z",
    "nickname": null,
    "email": "",
    "profile_image_url": null,
    "picture": "",
    "address": "",
    "company_address": "",
    "groups": [],
    "user_permissions": [],
    "followers": []
  }
},
{
  "model": "accounts.user",
  "pk": 21,
  "fields": {
    "password": "pbkdf2_sha256$260000$R5feXKfFAFtQgyYrWlYIVC$bYp0iBFXz6IepJIsEE8MkChuS4VSWLGpjkcfa95TRBE=",
    "last_login": null,
    "is_superuser": false,
    "username": "user21",
    "first_name": "",
    "last_name": "",
    "is_staff": false,
    "is_active": true,
    "date_joined": "2023-05-03T17:01:17.747Z",
    "nickname": null,
    "email": "",
    "profile_image_url": null,
    "picture": "",
    "address": "",
    "company_address": "",
    "groups": [],
    "user_permissions": [],
    "followers": []
  }
},
{
  "model": "accounts.user",
  "pk": 22,
  "fields": {
    "password": "pbkdf2_sha256$260000$mCTJKf2kOudfirjyhlDhoA$Y/S+lki/WvPoafjWSIfanavl1KID7PXmkciRPooSsBA=",
    "last_login": null,
    "is_superuser": false,
    "username": "user22",
    "first_name": "",
    "last_name": "",
    "is_staff": false,
    "is_active": true,
    "date_joined": "2023-05-03T17:01:17.831Z",
    "nickname": null,
    "email": "",
    "profile_image_url": null,
    "picture": "",
    "address": "",
    "company_address": "",
    "groups": [],
    "user_permissions": [],
    "followers": []
  }
},
{
  "model": "accounts.user",
  "pk": 23,
  "fields": {
    "password": "pbkdf2_sha256$260000$MGYHdTWgoMQpmSTdMrSZ4J$nx2iKc1JNmINWQ4skHFvWcSE4UCRRqhCtiibJVIbL/4=",
    "last_login": null,
    "is_superuser": false,
    "username": "user23",
    "first_name": "",
    "last_name": "",
    "is_staff": false,
    "is_active": true,
    "date_joined": "2023-05-03T17:01:17.914Z",
    "nickname": null,
    "email": "",
    "profile_image_url": null,
    "picture": "",
    "address": "",
    "company_address": "",
    "groups": [],
    "user_permissions": [],
    "followers": []
  }
},
{
  "model": "accounts.user",
  "pk": 24,
  "fields": {
    "password": "pbkdf2_sha256$260000$pnmfvZdfuBmO46OEMhRmz6$uaGS2IUKVLaL/FoWWGNCFZ2dTsoxciRIVn1oZTmHT3E=",
    "last_login": null,
    "is_superuser": false,
    "username": "user24",
    "first_name": "",
    "last_name": "",
    "is_staff": false,
    "is_active": true,
    "date_joined": "2023-05-03T17:01:17.997Z",
    "nickname": null,
    "email": "",
    "profile_image_url": null,
    "picture": "",
    "address": "",
    "company_address": "",
    "groups": [],
    "user_permissions": [],
    "followers": []
  }
},
{
  "model": "accounts.user",
  "pk": 25,
  "fields": {
    "password": "pbkdf2_sha256$260000$PSXyo9eoV7PVbFM8KOk9HT$Hi/UwdWNF+IdzrMs3kVDkvtaEhrtHYielyOzbo4lQ+Q=",
    "last_login": null,
    "is_superuser": false,
    "username": "user25",
    "first_name": "",
    "last_name": "",
    "is_staff": false,
    "is_active": true,
    "date_joined": "2023-05-03T17:01:18.084Z",
    "nickname": null,
    "email": "",
    "profile_image_url": null,
    "picture": "",
    "address": "",
    "company_address": "",
    "groups": [],
    "user_permissions": [],
    "followers": []
  }
},
{
  "model": "accounts.user",
  "pk": 26,
  "fields": {
    "password": "pbkdf2_sha256$260000$eqYe7Zm3FkSzwi2OxFgBY4$jhqG0Td1xCLOCUZXQtQPNQbNihDjiae9HzuZy9A7Zs8=",
    "last_login": null,
    "is_superuser": false,
    "username": "user26",
    "first_name": "",
    "last_name": "",
    "is_staff": false,
    "is_active": true,
    "date_joined": "2023-05-03T17:01:18.167Z",
    "nickname": null,
    "email": "",
    "profile_image_url": null,
    "picture": "",
    "address": "",
    "company_address": "",
    "groups": [],
    "user_permissions": [],
    "followers": []
  }
},
{
  "model": "accounts.user",
  "pk": 27,
  "fields": {
    "password": "pbkdf2_sha256$260000$IQQC9sMzvyXVTYJW7HENA5$H/kaV1i3PhBZUlucGsImEKhzq+EGsoHt8S6dMwQXqE8=",
    "last_login": null,
    "is_superuser": false,
    "username": "user27",
    "first_name": "",
    "last_name": "",
    "is_staff": false,
    "is_active": true,
    "date_joined": "2023-05-03T17:01:18.250Z",
    "nickname": null,
    "email": "",
    "profile_image_url": null,
    "picture": "",
    "address": "",
    "company_address": "",
    "groups": [],
    "user_permissions": [],
    "followers": []
  }
},
{
  "model": "accounts.user",
  "pk": 28,
  "fields": {
    "password": "pbkdf2_sha256$260000$nFAUVhm64sltvYAQP504Gy$7YvosQIuCxe5AE4DpiAIOL7CTVVZlHT7OAKNclmnLls=",
    "last_login": null,
    "is_superuser": false,
    "username": "user28",
    "first_name": "",
    "last_name": "",
    "is_staff": false,
    "is_active": true,
    "date_joined": "2023-05-03T17:01:18.336Z",
    "nickname": null,
    "email": "",
    "profile_image_url": null,
    "picture": "",
    "address": "",
    "company_address": "",
    "groups": [],
    "user_permissions": [],
    "followers": []
  }
},
{
  "model": "accounts.user",
  "pk": 29,
  "fields": {
    "password": "pbkdf2_sha256$260000$jt2dU0Xh6oP4Xxi7424BKk$uFmm3Wsd9pU6MWtZpMylIxS6WhNCEYVa5tkvv0mEI9U=",
    "last_login": null,
    "is_superuser": false,
    "username": "user29",
    "first_name": "",
    "last_name": "",
    "is_staff": false,
    "is_active": true,
    "date_joined": "2023-05-03T17:01:18.420Z",
    "nickname": null,
    "email": "",
    "profile_image_url": null,
    "picture": "",
    "address": "",
    "company_address": "",
    "groups": [],
    "user_permissions": [],
    "followers": []
  }
},
{
  "model": "accounts.user",
  "pk": 30,
  "fields": {
    "password": "pbkdf2_sha256$260000$MrcRI5LdLbnC82zyHbCJM2$cVlr3E6vJMF0MVQy/klxZ2E3bI8Az/ZwDtP5ShJ0vOY=",
    "last_login": null,
    "is_superuser": false,
    "username": "user30",
    "first_name": "",
    "last_name": "",
    "is_staff": false,
    "is_active": true,
    "date_joined": "2023-05-03T17:01:18.507Z",
    "nickname": null,
    "email": "",
    "profile_image_url": null,
    "picture": "",
    "address": "",
    "company_address": "",
    "groups": [],
    "user_permissions": [],
    "followers": []
  }
}
]
